Product_name,Price,Description,Reviews
"APPLE iPhone 13 mini ((PRODUCT)RED, 256 GB)","₹71,999",256 GB ROM13.72 cm (5.4 inch) Super Retina XDR Display12MP + 12MP | 12MP Front CameraA15 Bionic Chip ProcessorBrand Warranty for 1 Year,4.5
"APPLE iPhone 6s Plus (Gold, 64 GB)","₹59,999",64 GB ROM13.97 cm (5.5 inch) Retina HD Display12MP Rear Camera | 5MP Front CameraA9 Chip with 64-bit Architecture and M9 Motion Co-processorBrand Warranty of 1 Year,4.4
"APPLE iPhone 6s Plus (Space Grey, 32 GB)","₹34,900",32 GB ROM13.97 cm (5.5 inch) Retina HD Display12MP Rear Camera | 5MP Front CameraApple A9 64-bit processor and Embedded M9 Motion Co-processorBrand Warranty of 1 Year,4.4
"APPLE iPhone 6s (Silver, 128 GB)","₹55,999",128 GB ROM11.94 cm (4.7 inch) Retina HD Display12MP Rear Camera | 5MP Front CameraA9 Chip with 64-bit Architecture and M9 Motion Co-processorBrand Warranty of 1 Year,4.5
"APPLE iPhone 6s (Gold, 128 GB)","₹55,999",128 GB ROM11.94 cm (4.7 inch) Retina HD Display12MP Rear Camera | 5MP Front CameraA9 Chip with 64-bit Architecture and M9 Motion Co-processorBrand Warranty of 1 Year,4.5
"APPLE iPhone 11 Pro (Space Grey, 512 GB)","₹1,40,300",512 GB ROM14.73 cm (5.8 inch) Super Retina XDR Display12MP + 12MP + 12MP | 12MP Front CameraA13 Bionic Chip ProcessorBrand Warranty for 1 Year,4.6
"APPLE iPhone 12 Pro (Graphite, 512 GB)","₹1,06,699","512 GB ROM15.49 cm (6.1 inch) Super Retina XDR Display12MP + 12MP + 12MP | 12MP Front CameraA14 Bionic Chip with Next Generation Neural Engine ProcessorCeramic Shield | Industry-leading IP68 Water ResistanceAll Screen OLED DisplayLiDAR Scanner for Improved AR Experiences, Night Mode PortraitsBrand Warranty for 1 Year",4.5
"APPLE iPhone 6s Plus (Rose Gold, 64 GB)","₹59,999",64 GB ROM13.97 cm (5.5 inch) Retina HD Display12MP Rear Camera | 5MP Front CameraA9 Chip with 64-bit Architecture and M9 Motion Co-processorBrand Warranty of 1 Year,4.4
"APPLE iPhone 13 mini (Starlight, 512 GB)","₹89,999",512 GB ROM13.72 cm (5.4 inch) Super Retina XDR Display12MP + 12MP | 12MP Front CameraA15 Bionic Chip ProcessorBrand Warranty for 1 Year,4.5
"APPLE iPhone 14 Pro Max (Deep Purple, 256 GB)","₹1,37,999","256 GB ROM17.02 cm (6.7 inch) Super Retina XDR Display48MP + 12MP + 12MP | 12MP Front CameraA16 Bionic Chip, 6 Core Processor Processor1 Year Warranty for Phone and 6 Months Warranty for In-Box Accessories",4.7
"APPLE iPhone 6s (Silver, 32 GB)","₹29,990",32 GB ROM11.94 cm (4.7 inch) Retina HD Display12MP Rear Camera | 5MP Front CameraApple A9 64-bit processor and M9 Motion Co-processorBrand Warranty of 1 Year,4.5
"Apple iPhone XR (Coral, 256 GB) (Includes EarPods, Power Adapter)","₹91,900",256 GB ROM15.49 cm (6.1 inch) Display12MP Rear Camera | 7MP Front CameraA12 Bionic Chip ProcessorBrand Warranty of 1 Year,4.6
"APPLE iPhone XS Max (Space Grey, 512 GB)","₹1,44,900",512 GB ROM16.51 cm (6.5 inch) Super Retina HD Display12MP + 12MP | 7MP Front CameraA12 Bionic Chip Processor1 Year Limited Warranty for Products and Accessories,4.6
"Apple iPhone XR (Blue, 256 GB) (Includes EarPods, Power Adapter)","₹91,900",256 GB ROM15.49 cm (6.1 inch) Display12MP Rear Camera | 7MP Front CameraA12 Bionic Chip ProcessorBrand Warranty of 1 Year,4.6
"APPLE iPhone 14 Pro (Space Black, 512 GB)","₹1,49,999","512 GB ROM15.49 cm (6.1 inch) Super Retina XDR Display48MP + 12MP + 12MP | 12MP Front CameraA16 Bionic Chip, 6 Core Processor Processor1 Year Warranty for Phone and 6 Months Warranty for In-Box Accessories",4.7
"APPLE iPhone 6s Plus (Silver, 64 GB)","₹59,999",64 GB ROM13.97 cm (5.5 inch) Retina HD Display12MP Rear Camera | 5MP Front CameraA9 Chip with 64-bit Architecture and M9 Motion Co-processorBrand Warranty of 1 Year,4.4
"APPLE iPhone 6s (Rose Gold, 128 GB)","₹55,999",128 GB ROM11.94 cm (4.7 inch) Retina HD Display12MP Rear Camera | 5MP Front CameraA9 Chip with 64-bit Architecture and M9 Motion Co-processorBrand Warranty of 1 Year,4.5
"APPLE iPhone 13 Pro (Sierra Blue, 512 GB)","₹1,25,999",512 GB ROM15.49 cm (6.1 inch) Super Retina XDR Display12MP + 12MP + 12MP | 12MP Front CameraA15 Bionic Chip ProcessorBrand Warranty for 1 Year,4.7
"APPLE iPhone 12 mini (White, 256 GB)","₹56,999","256 GB ROM13.72 cm (5.4 inch) Super Retina XDR Display12MP + 12MP | 12MP Front CameraA14 Bionic Chip with Next Generation Neural Engine ProcessorCeramic ShieldIndustry-leading IP68 Water ResistanceAll Screen OLED Display12MP TrueDepth Front Camera with Night Mode, 4K Dolby Vision HDR RecordingBrand Warranty for 1 Year",4.5
"APPLE iPhone 6s Plus (Rose Gold, 32 GB)","₹34,900",32 GB ROM13.97 cm (5.5 inch) Retina HD Display12MP Rear Camera | 5MP Front CameraApple A9 64-bit processor and Embedded M9 Motion Co-processorBrand Warranty of 1 Year,4.4
"APPLE iPhone 13 Pro (Silver, 256 GB)","₹1,29,900",256 GB ROM15.49 cm (6.1 inch) Super Retina XDR Display12MP + 12MP + 12MP | 12MP Front CameraA15 Bionic Chip ProcessorBrand Warranty for 1 Year,4.7
"APPLE iPhone XS Max (Silver, 64 GB)","₹1,09,900",64 GB ROM16.51 cm (6.5 inch) Super Retina HD Display12MP + 12MP | 7MP Front CameraA12 Bionic Chip ProcessoriOS 13 Compatible1 Year Limited Warranty for Products and Accessories,4.6
"APPLE iPhone 13 mini (Green, 256 GB)","₹71,999",256 GB ROM13.72 cm (5.4 inch) Super Retina XDR Display12MP + 12MP | 12MP Front CameraA15 Bionic Chip ProcessorBrand Warranty for 1 Year,4.5
"APPLE iPhone 7 (Black, 32 GB)","₹31,500",32 GB ROM11.94 cm (4.7 inch) Retina HD Display12MP Rear Camera | 7MP Front CameraApple A10 Fusion 64-bit processor and Embedded M10 Motion Co-processoriOS 13 CompatibleBrand Warranty of 1 Year,4.5
"APPLE iPhone 13 mini (Green, 256 GB)","₹71,999",256 GB ROM13.72 cm (5.4 inch) Super Retina XDR Display12MP + 12MP | 12MP Front CameraA15 Bionic Chip ProcessorBrand Warranty for 1 Year,4.5
"APPLE iPhone 14 Pro Max (Silver, 512 GB)","₹1,57,999","512 GB ROM17.02 cm (6.7 inch) Super Retina XDR Display48MP + 12MP + 12MP | 12MP Front CameraA16 Bionic Chip, 6 Core Processor Processor1 Year Warranty for Phone and 6 Months Warranty for In-Box Accessories",4.7
"APPLE iPhone 12 mini (Purple, 256 GB)","₹56,999",256 GB ROM13.72 cm (5.4 inch) Super Retina XDR Display12MP + 12MP | 12MP Front CameraA14 Bionic Chip with Next Generation Neural Engine ProcessorCeramic ShieldIP68 Water ResistanceAll Screen OLED DisplayBrand Warranty for 1 Year,4.5
"APPLE iPhone 7 Plus (Gold, 256 GB)","₹85,400",256 GB ROM13.97 cm (5.5 inch) Retina HD Display12MP + 12MP | 7MP Front CameraA10 Fusion Chip with 64-bit Architecture and Embedded M10 Motion Co-processorBrand Warranty of 1 Year,4.5
"Apple iPhone XR (Yellow, 256 GB) (Includes EarPods, Power Adapter)","₹91,900",256 GB ROM15.49 cm (6.1 inch) Display12MP Rear Camera | 7MP Front CameraA12 Bionic Chip ProcessorBrand Warranty of 1 Year,4.6
"APPLE iPhone 7 Plus (Black, 256 GB)","₹85,400",256 GB ROM13.97 cm (5.5 inch) Retina HD Display12MP + 12MP | 7MP Front CameraA10 Fusion Chip with 64-bit Architecture and Embedded M10 Motion Co-processorBrand Warranty of 1 Year,4.5
"APPLE IPhone 4 (White, 8 GB)","₹13,999",8 GB ROM8.89 cm (3.5 inch) NA Display5MP Rear Camera | 0.3MP Front Camera1 Year Manufacturer Warranty,4.1
"APPLE iPhone 6s Plus (Silver, 32 GB)","₹34,900",32 GB ROM13.97 cm (5.5 inch) Retina HD Display12MP Rear Camera | 5MP Front CameraApple A9 64-bit processor and Embedded M9 Motion Co-processorBrand Warranty of 1 Year,4.4
"Apple iPhone SE (Black, 128 GB) (Includes EarPods, Power Adapter)","₹32,990","128 GB ROM11.94 cm (4.7 inch) Retina HD Display12MP Rear Camera | 7MP Front CameraA13 Bionic Chip with 3rd Gen Neural Engine ProcessorWater and Dust Resistant (1 meter for Upto 30 minutes, IP67)Fast Charge CapableWireless charging (Works with Qi Chargers | Qi Chargers are Sold SeparatelyBrand Warranty for 1 Year",4.5
"APPLE iPhone XS Max (Gold, 512 GB)","₹1,44,900",512 GB ROM16.51 cm (6.5 inch) Super Retina HD Display12MP + 12MP | 7MP Front CameraA12 Bionic Chip Processor1 Year Limited Warranty for Products and Accessories,4.6
"APPLE iPhone 12 mini (White, 128 GB)","₹55,999","128 GB ROM13.72 cm (5.4 inch) Super Retina XDR Display12MP + 12MP | 12MP Front CameraA14 Bionic Chip with Next Generation Neural Engine ProcessorCeramic ShieldIndustry-leading IP68 Water ResistanceAll Screen OLED Display12MP TrueDepth Front Camera with Night Mode, 4K Dolby Vision HDR RecordingBrand Warranty for 1 Year",4.5
"APPLE iPhone 7 (Rose Gold, 32 GB)","₹31,500",32 GB ROM11.94 cm (4.7 inch) Retina HD Display12MP Rear Camera | 7MP Front CameraApple A10 Fusion 64-bit processor and Embedded M10 Motion Co-processoriOS 13 CompatibleBrand Warranty of 1 Year,4.5
"APPLE iPhone 12 mini (Black, 256 GB)","₹56,999","256 GB ROM13.72 cm (5.4 inch) Super Retina XDR Display12MP + 12MP | 12MP Front CameraA14 Bionic Chip with Next Generation Neural Engine ProcessorCeramic ShieldIndustry-leading IP68 Water ResistanceAll Screen OLED Display12MP TrueDepth Front Camera with Night Mode, 4K Dolby Vision HDR RecordingBrand Warranty for 1 Year",4.5
"APPLE iPhone 7 (Silver, 32 GB)","₹31,500",32 GB ROM11.94 cm (4.7 inch) Retina HD Display12MP Rear Camera | 7MP Front CameraApple A10 Fusion 64-bit processor and Embedded M10 Motion Co-processoriOS 13 CompatibleBrand Warranty of 1 Year,4.5
"APPLE iPhone 7 (Jet Black, 128 GB)","₹34,900",128 GB ROM11.94 cm (4.7 inch) Retina HD Display12MP Rear Camera | 7MP Front CameraApple A10 Fusion 64-bit processor and Embedded M10 Motion Co-processorBrand Warranty of 1 Year,4.5
"APPLE iPhone 13 (Pink, 256 GB)","₹71,999",256 GB ROM15.49 cm (6.1 inch) Super Retina XDR Display12MP + 12MP | 12MP Front CameraA15 Bionic Chip ProcessorBrand Warranty for 1 Year,4.7
"APPLE iPhone 8 (PRODUCT)RED (Red, 256 GB)","₹81,500","256 GB ROM11.94 cm (4.7 inch) Retina HD Display12MP Rear Camera | 7MP Front CameraA11 Bionic Chip with 64-bit Architecture, Neural Engine, Embedded M11 Motion Coprocessor ProcessorBrand Warranty of 1 Year",4.7
"APPLE iPhone 11 Pro Max (Space Grey, 512 GB)","₹1,50,800",512 GB ROM16.51 cm (6.5 inch) Super Retina XDR Display12MP + 12MP + 12MP | 12MP Front CameraA13 Bionic Chip ProcessorBrand Warranty for 1 Year,4.7
"APPLE iPhone 12 (Purple, 256 GB)","₹66,999","256 GB ROM15.49 cm (6.1 inch) Super Retina XDR Display12MP + 12MP | 12MP Front CameraA14 Bionic Chip with Next Generation Neural Engine ProcessorCeramic ShieldIndustry-leading IP68 Water ResistanceAll Screen OLED Display12MP TrueDepth Front Camera with Night Mode, 4K Dolby Vision HDR RecordingBrand Warranty for 1 Year",4.6
"APPLE iPhone 7 (Red, 128 GB)","₹34,900",128 GB ROM11.94 cm (4.7 inch) Retina HD Display12MP Rear Camera | 7MP Front CameraApple A10 Fusion 64-bit processor and Embedded M10 Motion Co-processorBrand Warranty of 1 Year,4.5
"APPLE iPhone 11 Pro Max (Space Grey, 256 GB)","₹1,31,900",256 GB ROM16.51 cm (6.5 inch) Super Retina XDR Display12MP + 12MP + 12MP | 12MP Front CameraA13 Bionic Chip ProcessorBrand Warranty for 1 Year,4.7
"APPLE iPhone 13 mini (Midnight, 512 GB)","₹89,999",512 GB ROM13.72 cm (5.4 inch) Super Retina XDR Display12MP + 12MP | 12MP Front CameraA15 Bionic Chip ProcessorBrand Warranty for 1 Year,4.5
"APPLE iPhone XS Max (Silver, 512 GB)","₹1,44,900",512 GB ROM16.51 cm (6.5 inch) Super Retina HD Display12MP + 12MP | 7MP Front CameraA12 Bionic Chip Processor1 Year Limited Warranty for Products and Accessories,4.6
"APPLE iPhone 7 (Gold, 128 GB)","₹34,900",128 GB ROM11.94 cm (4.7 inch) Retina HD Display12MP Rear Camera | 7MP Front CameraApple A10 Fusion 64-bit processor and Embedded M10 Motion Co-processorBrand Warranty of 1 Year,4.5
"APPLE iPhone 13 mini (Midnight, 512 GB)","₹89,999",512 GB ROM13.72 cm (5.4 inch) Super Retina XDR Display12MP + 12MP | 12MP Front CameraA15 Bionic Chip ProcessorBrand Warranty for 1 Year,4.5
"APPLE iPhone XS Max (Silver, 512 GB)","₹1,44,900",512 GB ROM16.51 cm (6.5 inch) Super Retina HD Display12MP + 12MP | 7MP Front CameraA12 Bionic Chip Processor1 Year Limited Warranty for Products and Accessories,4.6
"APPLE iPhone 7 (Gold, 128 GB)","₹34,900",128 GB ROM11.94 cm (4.7 inch) Retina HD Display12MP Rear Camera | 7MP Front CameraApple A10 Fusion 64-bit processor and Embedded M10 Motion Co-processorBrand Warranty of 1 Year,4.5
"APPLE iPhone 11 Pro Max (Silver, 256 GB)","₹1,31,900",256 GB ROM16.51 cm (6.5 inch) Super Retina XDR Display12MP + 12MP + 12MP | 12MP Front CameraA13 Bionic Chip ProcessorBrand Warranty for 1 Year,4.7
"APPLE iPhone XS (Gold, 256 GB)","₹1,03,900",256 GB ROM14.73 cm (5.8 inch) Super Retina HD Display12MP + 12MP | 7MP Front CameraA12 Bionic Chip Processor1 Year Limited Warranty for Products and Accessories,4.7
"APPLE iPhone 6 (Silver, 64 GB)","₹62,000",64 GB ROM11.94 cm (4.7 inch) Retina HD Display8MP Rear Camera | 1.2MP Front CameraA8 Chip with 64-bit Architecture and M8 Motion Co-processor1 Year Manufacturer Warranty,4.4
"APPLE iPhone 13 mini (Blue, 512 GB)","₹89,999",512 GB ROM13.72 cm (5.4 inch) Super Retina XDR Display12MP + 12MP | 12MP Front CameraA15 Bionic Chip ProcessorBrand Warranty for 1 Year,4.5
"APPLE iPhone 6s (Gold, 32 GB)","₹29,990",32 GB ROM11.94 cm (4.7 inch) Retina HD Display12MP Rear Camera | 5MP Front CameraApple A9 64-bit processor and Embedded M9 Motion Co-processorBrand Warranty of 1 Year,4.5
"Apple iPhone XR (Blue, 128 GB) (Includes EarPods, Power Adapter)","₹52,900",128 GB ROM15.49 cm (6.1 inch) Display12MP Rear Camera | 7MP Front CameraA12 Bionic Chip ProcessoriOS 13 CompatibleBrand Warranty of 1 Year,4.6
"APPLE iPhone 12 mini (Purple, 64 GB)","₹50,999",64 GB ROM13.72 cm (5.4 inch) Super Retina XDR Display12MP + 12MP | 12MP Front CameraA14 Bionic Chip with Next Generation Neural Engine ProcessorCeramic ShieldIP68 Water ResistanceAll Screen OLED DisplayBrand Warranty for 1 Year,4.5
"APPLE iPhone 11 Pro (Gold, 64 GB)","₹87,099",64 GB ROM14.73 cm (5.8 inch) Super Retina XDR Display12MP + 12MP + 12MP | 12MP Front CameraA13 Bionic Chip ProcessorBrand Warranty for 1 Year,4.6
"APPLE iPhone 7 (Jet Black, 32 GB)","₹31,500",32 GB ROM11.94 cm (4.7 inch) Retina HD Display12MP Rear Camera | 7MP Front CameraApple A10 Fusion 64-bit processor and Embedded M10 Motion Co-processoriOS 13 CompatibleBrand Warranty of 1 Year,4.5
"APPLE iPhone 13 mini ((PRODUCT)RED, 128 GB)","₹61,999",128 GB ROM13.72 cm (5.4 inch) Super Retina XDR Display12MP + 12MP | 12MP Front CameraA15 Bionic Chip ProcessorBrand Warranty for 1 Year,4.5
"APPLE iPhone XR (Coral, 128 GB)","₹52,900","128 GB ROM15.49 cm (6.1 inch) Display12MP Rear Camera | 7MP Front CameraA12 Bionic Chip ProcessorWater and Dust Resistant (1 meter for Upto 30 minutes, IP67)Face ID for Secure AuthenticationFast-charge CapableBrand Warranty of 1 Year",4.6
"APPLE iPhone 6s (Space Grey, 128 GB)","₹82,000",128 GB ROM11.94 cm (4.7 inch) Retina HD Display12MP Rear Camera | 5MP Front CameraA9 Chip with 64-bit Architecture and M9 Motion Co-processorBrand Warranty of 1 Year,4.5
"APPLE iPhone 7 Plus (Rose Gold, 256 GB)","₹85,400",256 GB ROM13.97 cm (5.5 inch) Retina HD Display12MP + 12MP | 7MP Front CameraApple A10 Fusion 64-bit processor and Embedded M10 Motion Co-processorBrand Warranty of 1 Year,4.5
"APPLE iPhone 7 Plus (Silver, 256 GB)","₹85,400",256 GB ROM13.97 cm (5.5 inch) Retina HD Display12MP + 12MP | 7MP Front CameraApple A10 Fusion 64-bit processor and Embedded M10 Motion Co-processorBrand Warranty of 1 Year,4.5
"APPLE iPhone 13 mini (Starlight, 256 GB)","₹71,999",256 GB ROM13.72 cm (5.4 inch) Super Retina XDR Display12MP + 12MP | 12MP Front CameraA15 Bionic Chip ProcessorBrand Warranty for 1 Year,4.5
"APPLE IPhone 4 (Black, 8 GB)","₹22,900",8 GB ROM8.89 cm (3.5 inch) NA Display5MP Rear Camera | 0.3MP Front Camera1 Year Manufacturer Warranty,4.1
"APPLE iPhone 11 Pro Max (Gold, 256 GB)","₹1,31,900",256 GB ROM16.51 cm (6.5 inch) Super Retina XDR Display12MP + 12MP + 12MP | 12MP Front CameraA13 Bionic Chip ProcessorBrand Warranty for 1 Year,4.7
"Apple iPhone SE (White, 64 GB) (Includes EarPods, Power Adapter)","₹28,990","64 GB ROM11.94 cm (4.7 inch) Retina HD Display12MP Rear Camera | 7MP Front CameraA13 Bionic Chip with 3rd Gen Neural Engine ProcessorWater and Dust Resistant (1 meter for Upto 30 minutes, IP67)Fast Charge CapableWireless charging (Works with Qi Chargers | Qi Chargers are Sold SeparatelyBrand Warranty for 1 Year",4.5
"APPLE iPhone 7 (Gold, 256 GB)","₹74,400",256 GB ROM11.94 cm (4.7 inch) Retina HD Display12MP Rear Camera | 7MP Front CameraA10 Fusion Chip with 64-bit Architecture and Embedded M10 Motion Co-processorBrand Warranty of 1 Year,4.5
"Apple iPhone SE (Red, 64 GB) (Includes EarPods, Power Adapter)","₹28,990","64 GB ROM11.94 cm (4.7 inch) Retina HD Display12MP Rear Camera | 7MP Front CameraA13 Bionic Chip with 3rd Gen Neural Engine ProcessorWater and Dust Resistant (1 meter for Upto 30 minutes, IP67)Fast Charge CapableWireless charging (Works with Qi Chargers | Qi Chargers are Sold SeparatelyBrand Warranty for 1 Year",4.5
"APPLE iPhone 12 Pro (Gold, 512 GB)","₹1,06,699","512 GB ROM15.49 cm (6.1 inch) Super Retina XDR Display12MP + 12MP + 12MP | 12MP Front CameraA14 Bionic Chip with Next Generation Neural Engine ProcessorCeramic Shield | Industry-leading IP68 Water ResistanceAll Screen OLED DisplayLiDAR Scanner for Improved AR Experiences, Night Mode PortraitsBrand Warranty for 1 Year",4.5
"APPLE iPhone 12 Pro (Gold, 512 GB)","₹1,06,699","512 GB ROM15.49 cm (6.1 inch) Super Retina XDR Display12MP + 12MP + 12MP | 12MP Front CameraA14 Bionic Chip with Next Generation Neural Engine ProcessorCeramic Shield | Industry-leading IP68 Water ResistanceAll Screen OLED DisplayLiDAR Scanner for Improved AR Experiences, Night Mode PortraitsBrand Warranty for 1 Year",4.5
"APPLE iPhone 13 Pro Max (Gold, 256 GB)","₹1,39,900",256 GB ROM17.02 cm (6.7 inch) Super Retina XDR Display12MP + 12MP + 12MP | 12MP Front CameraA15 Bionic Chip ProcessorBrand Warranty for 1 Year,4.6
"APPLE iPhone 7 (PRODUCT) (Red, 256 GB)","₹74,400",256 GB ROM11.94 cm (4.7 inch) Retina HD Display12MP Rear Camera | 7MP Front CameraA10 Fusion Chip with 64-bit Architecture and Embedded M10 Motion Co-processorBrand Warranty of 1 Year,4.7
"APPLE iPhone 14 (Blue, 256 GB)","₹79,999","256 GB ROM15.49 cm (6.1 inch) Super Retina XDR Display12MP + 12MP | 12MP Front CameraA15 Bionic Chip, 6 Core Processor Processor1 Year Warranty for Phone and 6 Months Warranty for In-Box Accessories",4.6
"APPLE iPhone 12 mini (Blue, 64 GB)","₹50,999","64 GB ROM13.72 cm (5.4 inch) Super Retina XDR Display12MP + 12MP | 12MP Front CameraA14 Bionic Chip with Next Generation Neural Engine ProcessorCeramic ShieldIndustry-leading IP68 Water ResistanceAll Screen OLED Display12MP TrueDepth Front Camera with Night Mode, 4K Dolby Vision HDR RecordingBrand Warranty for 1 Year",4.5
"APPLE iPhone 12 (Green, 128 GB)","₹56,999","128 GB ROM15.49 cm (6.1 inch) Super Retina XDR Display12MP + 12MP | 12MP Front CameraA14 Bionic Chip with Next Generation Neural Engine ProcessorCeramic ShieldIndustry-leading IP68 Water ResistanceAll Screen OLED Display12MP TrueDepth Front Camera with Night Mode, 4K Dolby Vision HDR RecordingBrand Warranty for 1 Year",4.6
"APPLE iPhone 13 (Pink, 512 GB)","₹91,999",512 GB ROM15.49 cm (6.1 inch) Super Retina XDR Display12MP + 12MP | 12MP Front CameraA15 Bionic Chip ProcessorBrand Warranty for 1 Year,4.7
"APPLE iPhone 12 mini (Green, 256 GB)","₹56,999","256 GB ROM13.72 cm (5.4 inch) Super Retina XDR Display12MP + 12MP | 12MP Front CameraA14 Bionic Chip with Next Generation Neural Engine ProcessorCeramic ShieldIndustry-leading IP68 Water ResistanceAll Screen OLED Display12MP TrueDepth Front Camera with Night Mode, 4K Dolby Vision HDR RecordingBrand Warranty for 1 Year",4.5
"APPLE iPhone 11 Pro Max (Gold, 256 GB)","₹1,31,900",256 GB ROM16.51 cm (6.5 inch) Super Retina XDR Display12MP + 12MP + 12MP | 12MP Front CameraA13 Bionic Chip ProcessorBrand Warranty for 1 Year,4.7
"APPLE iPhone 7 (Gold, 32 GB)","₹31,500",32 GB ROM11.94 cm (4.7 inch) Retina HD Display12MP Rear Camera | 7MP Front CameraApple A10 Fusion 64-bit processor and Embedded M10 Motion Co-processoriOS 13 CompatibleBrand Warranty of 1 Year,4.5
"APPLE iPhone 8 Plus (Gold, 256 GB)","₹84,900","256 GB ROM13.97 cm (5.5 inch) Retina HD Display12MP + 12MP | 7MP Front CameraA11 Bionic Chip with 64-bit Architecture, Neural Engine, Embedded M11 Motion Coprocessor ProcessorBrand Warranty of 1 Year",4.6
"APPLE iPhone 13 Pro (Graphite, 128 GB)","₹1,19,900",128 GB ROM15.49 cm (6.1 inch) Super Retina XDR Display12MP + 12MP + 12MP | 12MP Front CameraA15 Bionic Chip ProcessorBrand Warranty for 1 Year,4.7
"Apple iPhone SE (Black, 64 GB) (Includes EarPods, Power Adapter)","₹28,990","64 GB ROM11.94 cm (4.7 inch) Retina HD Display12MP Rear Camera | 7MP Front CameraA13 Bionic Chip with 3rd Gen Neural Engine ProcessorWater and Dust Resistant (1 meter for Upto 30 minutes, IP67)Fast Charge CapableWireless charging (Works with Qi Chargers | Qi Chargers are Sold SeparatelyBrand Warranty for 1 Year",4.5
"APPLE iPhone 12 mini (Red, 128 GB)","₹55,999","128 GB ROM13.72 cm (5.4 inch) Super Retina XDR Display12MP + 12MP | 12MP Front CameraA14 Bionic Chip with Next Generation Neural Engine ProcessorCeramic ShieldIndustry-leading IP68 Water ResistanceAll Screen OLED Display12MP TrueDepth Front Camera with Night Mode, 4K Dolby Vision HDR RecordingBrand Warranty for 1 Year",4.5
"APPLE iPhone 7 Plus (Jet Black, 256 GB)","₹85,400",256 GB ROM13.97 cm (5.5 inch) Retina HD Display12MP + 12MP | 7MP Front CameraApple A10 Fusion 64-bit processor and Embedded M10 Motion Co-processorBrand Warranty of 1 Year,4.5
"APPLE iPhone 12 Pro (Silver, 256 GB)","₹88,199","256 GB ROM15.49 cm (6.1 inch) Super Retina XDR Display12MP + 12MP + 12MP | 12MP Front CameraA14 Bionic Chip with Next Generation Neural Engine ProcessorCeramic Shield | Industry-leading IP68 Water ResistanceAll Screen OLED DisplayLiDAR Scanner for Improved AR Experiences, Night Mode PortraitsBrand Warranty for 1 Year",4.5
"APPLE iPhone 12 mini (Green, 128 GB)","₹55,999","128 GB ROM13.72 cm (5.4 inch) Super Retina XDR Display12MP + 12MP | 12MP Front CameraA14 Bionic Chip with Next Generation Neural Engine ProcessorCeramic ShieldIndustry-leading IP68 Water ResistanceAll Screen OLED Display12MP TrueDepth Front Camera with Night Mode, 4K Dolby Vision HDR RecordingBrand Warranty for 1 Year",4.5
"APPLE iPhone 13 Pro (Alpine Green, 128 GB)","₹1,19,900",128 GB ROM15.49 cm (6.1 inch) Super Retina XDR Display12MP + 12MP + 12MP | 12MP Front CameraA15 Bionic Chip ProcessorBrand Warranty for 1 Year,4.7
"APPLE iPhone XS Max (Gold, 64 GB)","₹1,09,900",64 GB ROM16.51 cm (6.5 inch) Super Retina HD Display12MP + 12MP | 7MP Front CameraA12 Bionic Chip ProcessoriOS 13 Compatible1 Year Limited Warranty for Products and Accessories,4.6
"APPLE iPhone 12 Pro (Gold, 256 GB)","₹88,199","256 GB ROM15.49 cm (6.1 inch) Super Retina XDR Display12MP + 12MP + 12MP | 12MP Front CameraA14 Bionic Chip with Next Generation Neural Engine ProcessorCeramic Shield | Industry-leading IP68 Water ResistanceAll Screen OLED DisplayLiDAR Scanner for Improved AR Experiences, Night Mode PortraitsBrand Warranty for 1 Year",4.5
"APPLE iPhone 6s Plus (Space Grey, 16 GB)","₹72,000",16 GB ROM13.97 cm (5.5 inch) Retina HD Display12MP Rear Camera | 5MP Front CameraApple A9 64-bit processor and Embedded M9 Motion Co-processorBrand Warranty of 1 Year,4.4
"APPLE iPhone XS (Space Grey, 64 GB)","₹89,900",64 GB ROM14.73 cm (5.8 inch) Super Retina HD Display12MP + 12MP | 7MP Front CameraA12 Bionic Chip Processor1 Year Limited Warranty for Products and Accessories,4.7
"APPLE iPhone 7 (Rose Gold, 256 GB)","₹74,400",256 GB ROM11.94 cm (4.7 inch) Retina HD Display12MP Rear Camera | 7MP Front CameraA10 Fusion Chip with 64-bit Architecture and Embedded M10 Motion Co-processorBrand Warranty of 1 Year,4.5
"APPLE iPhone XS (Silver, 512 GB)","₹1,34,900",512 GB ROM14.73 cm (5.8 inch) Super Retina HD Display12MP + 12MP | 7MP Front CameraA12 Bionic Chip Processor1 Year Limited Warranty for Products and Accessories,4.7
"APPLE iPhone XS (Silver, 512 GB)","₹1,34,900",512 GB ROM14.73 cm (5.8 inch) Super Retina HD Display12MP + 12MP | 7MP Front CameraA12 Bionic Chip Processor1 Year Limited Warranty for Products and Accessories,4.7
"APPLE iPhone 8 Plus (PRODUCT)RED (Red, 256 GB)","₹84,900","256 GB ROM13.97 cm (5.5 inch) Retina HD Display12MP + 12MP | 7MP Front CameraA11 Bionic Chip with 64-bit Architecture, Neural Engine, Embedded M11 Motion Coprocessor ProcessorBrand Warranty of 1 Year",4.6
"APPLE iPhone 14 Pro Max (Gold, 1 TB)","₹1,77,999","1 TB ROM17.02 cm (6.7 inch) Super Retina XDR Display48MP + 12MP + 12MP | 12MP Front CameraA16 Bionic Chip, 6 Core Processor Processor1 Year Warranty for Phone and 6 Months Warranty for In-Box Accessories",4.7
"APPLE iPhone 12 mini (Purple, 128 GB)","₹55,999",128 GB ROM13.72 cm (5.4 inch) Super Retina XDR Display12MP + 12MP | 12MP Front CameraA14 Bionic Chip with Next Generation Neural Engine ProcessorCeramic ShieldIP68 Water ResistanceAll Screen OLED DisplayBrand Warranty for 1 Year,4.5
"APPLE iPhone 6 (Silver, 128 GB)","₹71,500",128 GB ROM11.94 cm (4.7 inch) Retina HD Display8MP Rear Camera | 1.2MP Front CameraA8 Chip with 64-bit Architecture and M8 Motion Co-processor1 Year Manufacturer Warranty,4.4
"APPLE iPhone 7 (Rose Gold, 128 GB)","₹34,900",128 GB ROM11.94 cm (4.7 inch) Retina HD Display12MP Rear Camera | 7MP Front CameraA10 Fusion Chip with 64-bit Architecture and Embedded M10 Motion Co-processorBrand Warranty of 1 Year,4.5
"APPLE iPhone XS (Silver, 64 GB)","₹89,900",64 GB ROM14.73 cm (5.8 inch) Super Retina HD Display12MP + 12MP | 7MP Front CameraA12 Bionic Chip Processor1 Year Limited Warranty for Products and Accessories,4.7
"APPLE iPhone 12 mini (White, 64 GB)","₹50,999","64 GB ROM13.72 cm (5.4 inch) Super Retina XDR Display12MP + 12MP | 12MP Front CameraA14 Bionic Chip with Next Generation Neural Engine ProcessorCeramic ShieldIndustry-leading IP68 Water ResistanceAll Screen OLED Display12MP TrueDepth Front Camera with Night Mode, 4K Dolby Vision HDR RecordingBrand Warranty for 1 Year",4.5
"APPLE iPhone 7 (Jet Black, 256 GB)","₹74,400",256 GB ROM11.94 cm (4.7 inch) Retina HD Display12MP Rear Camera | 7MP Front CameraApple A10 Fusion 64-bit processor and Embedded M10 Motion Co-processorBrand Warranty of 1 Year,4.5
"APPLE iPhone 6s Plus (Space Grey, 128 GB)","₹92,000",128 GB ROM13.97 cm (5.5 inch) Retina HD Display12MP Rear Camera | 5MP Front CameraA9 Chip with 64-bit Architecture and M9 Motion Co-processorBrand Warranty of 1 Year,4.4
"APPLE iPhone 12 (Purple, 128 GB)","₹56,999","128 GB ROM15.49 cm (6.1 inch) Super Retina XDR Display12MP + 12MP | 12MP Front CameraA14 Bionic Chip with Next Generation Neural Engine ProcessorCeramic ShieldIndustry-leading IP68 Water ResistanceAll Screen OLED Display12MP TrueDepth Front Camera with Night Mode, 4K Dolby Vision HDR RecordingBrand Warranty for 1 Year",4.6
"APPLE iPhone XR (Blue, 128 GB)","₹52,900",128 GB ROM15.49 cm (6.1 inch) Display12MP Rear Camera | 7MP Front CameraA12 Bionic Chip ProcessorBrand Warranty of 1 Year,4.6
"APPLE iPhone 6 (Grey, 128 GB)","₹71,500",128 GB ROM11.94 cm (4.7 inch) Retina HD Display8MP Rear Camera | 1.2MP Front CameraApple A8 64-bit processor and M8 Motion Co-processor1 Year Manufacturer Warranty,4.4
"APPLE iPhone 11 Pro Max (Gold, 64 GB)","₹95,699",64 GB ROM16.51 cm (6.5 inch) Super Retina XDR Display12MP + 12MP + 12MP | 12MP Front CameraA13 Bionic Chip ProcessorBrand Warranty for 1 Year,4.7
"APPLE iPhone 7 (Silver, 128 GB)","₹34,900",128 GB ROM11.94 cm (4.7 inch) Retina HD Display12MP Rear Camera | 7MP Front CameraApple A10 Fusion 64-bit processor and Embedded M10 Motion Co-processorBrand Warranty of 1 Year,4.5
"APPLE iPhone 6s (Space Grey, 16 GB)","₹62,000",16 GB ROM11.94 cm (4.7 inch) Retina HD Display12MP Rear Camera | 5MP Front CameraA9 Chip with 64-bit Architecture and M9 Motion Co-processorBrand Warranty of 1 Year,4.5
"APPLE iPhone 6s (Rose Gold, 64 GB)","₹72,000",64 GB ROM11.94 cm (4.7 inch) Retina HD Display12MP Rear Camera | 5MP Front CameraA9 Chip with 64-bit Architecture and M9 Motion Co-processorBrand Warranty of 1 Year,4.5
"APPLE iPhone 5C (White, 32 GB)","₹53,500",32 GB ROM10.16 cm (4 inch) Retina Display8MP Rear Camera | 1.2MP Front CameraA6 Chip Processor1 Year Manufacturer Warranty,3.9
"APPLE iPhone 12 (Black, 128 GB)","₹56,999","128 GB ROM15.49 cm (6.1 inch) Super Retina XDR Display12MP + 12MP | 12MP Front CameraA14 Bionic Chip with Next Generation Neural Engine ProcessorCeramic ShieldIndustry-leading IP68 Water ResistanceAll Screen OLED Display12MP TrueDepth Front Camera with Night Mode, 4K Dolby Vision HDR RecordingBrand Warranty for 1 Year",4.6
"APPLE iPhone 7 Plus (PRODUCT) (Red, 256 GB)","₹85,400",256 GB ROM13.97 cm (5.5 inch) Retina HD Display12MP Rear Camera | 7MP Front CameraA10 Fusion Chip with 64-bit Architecture and Embedded M10 Motion Co-processorBrand Warranty of 1 Year,5
"APPLE iPhone XS Max (Silver, 256 GB)","₹1,24,900",256 GB ROM16.51 cm (6.5 inch) Super Retina HD Display12MP + 12MP | 7MP Front CameraA12 Bionic Chip ProcessoriOS 13 Compatible1 Year Limited Warranty for Products and Accessories,4.6
"APPLE iPhone 11 Pro (Silver, 64 GB)","₹1,06,600",64 GB ROM14.73 cm (5.8 inch) Super Retina XDR Display12MP + 12MP + 12MP | 12MP Front CameraA13 Bionic Chip ProcessorBrand Warranty for 1 Year,4.6
"APPLE iPhone 12 Pro (Pacific Blue, 256 GB)","₹88,199","256 GB ROM15.49 cm (6.1 inch) Super Retina XDR Display12MP + 12MP + 12MP | 12MP Front CameraA14 Bionic Chip with Next Generation Neural Engine ProcessorCeramic Shield | Industry-leading IP68 Water ResistanceAll Screen OLED DisplayLiDAR Scanner for Improved AR Experiences, Night Mode PortraitsBrand Warranty for 1 Year",4.5
"APPLE iPhone 12 Pro (Graphite, 256 GB)","₹88,199","256 GB ROM15.49 cm (6.1 inch) Super Retina XDR Display12MP + 12MP + 12MP | 12MP Front CameraA14 Bionic Chip with Next Generation Neural Engine ProcessorCeramic Shield | Industry-leading IP68 Water ResistanceAll Screen OLED DisplayLiDAR Scanner for Improved AR Experiences, Night Mode PortraitsBrand Warranty for 1 Year",4.5
"Apple iPhone XR (Yellow, 128 GB) (Includes EarPods, Power Adapter)","₹52,900",128 GB ROM15.49 cm (6.1 inch) Display12MP Rear Camera | 7MP Front CameraA12 Bionic Chip ProcessoriOS 13 CompatibleBrand Warranty of 1 Year,4.6
"APPLE iPhone 12 Pro Max (Silver, 256 GB)","₹1,29,900","256 GB ROM17.02 cm (6.7 inch) Super Retina XDR Display12MP + 12MP + 12MP | 12MP Front CameraA14 Bionic Chip with Next Generation Neural Engine ProcessorCeramic Shield | Industry-leading IP68 Water ResistanceAll Screen OLED DisplayLiDAR Scanner for Improved AR Experiences, Night Mode PortraitsBrand Warranty for 1 Year",4.5
"APPLE iPhone 11 Pro Max (Silver, 512 GB)","₹1,50,800",512 GB ROM16.51 cm (6.5 inch) Super Retina XDR Display12MP + 12MP + 12MP | 12MP Front CameraA13 Bionic Chip ProcessorBrand Warranty for 1 Year,4.7
"APPLE iPhone 14 Plus (Yellow, 128 GB)","₹79,999","128 GB ROM17.02 cm (6.7 inch) Super Retina XDR Display12MP + 12MP | 12MP Front CameraA15 Bionic Chip, 6 Core Processor Processor1 Year Warranty for Phone and 6 Months Warranty for In-Box Accessories",4.7
"APPLE iPhone 11 Pro Max (Midnight Green, 256 GB)","₹1,01,999",256 GB ROM16.51 cm (6.5 inch) Super Retina XDR Display12MP + 12MP + 12MP | 12MP Front CameraA13 Bionic Chip ProcessorBrand Warranty for 1 Year,4.7
"APPLE iPhone 11 Pro (Midnight Green, 512 GB)","₹1,18,199",512 GB ROM14.73 cm (5.8 inch) Super Retina XDR Display12MP + 12MP + 12MP | 12MP Front CameraA13 Bionic Chip ProcessorBrand Warranty for 1 Year,4.6
"APPLE iPhone 12 Pro Max (Gold, 512 GB)","₹1,23,299","512 GB ROM17.02 cm (6.7 inch) Super Retina XDR Display12MP + 12MP + 12MP | 12MP Front CameraA14 Bionic Chip with Next Generation Neural Engine ProcessorCeramic Shield | Industry-leading IP68 Water ResistanceAll Screen OLED DisplayLiDAR Scanner for Improved AR Experiences, Night Mode PortraitsBrand Warranty for 1 Year",4.5
"APPLE iPhone 6s Plus (Gold, 128 GB)","₹92,000",128 GB ROM13.97 cm (5.5 inch) Retina HD Display12MP Rear Camera | 5MP Front CameraA9 Chip with 64-bit Architecture and M9 Motion Co-processorBrand Warranty of 1 Year,4.4
"APPLE iPhone 12 Pro Max (Graphite, 512 GB)","₹1,23,299","512 GB ROM17.02 cm (6.7 inch) Super Retina XDR Display12MP + 12MP + 12MP | 12MP Front CameraA14 Bionic Chip with Next Generation Neural Engine ProcessorCeramic Shield | Industry-leading IP68 Water ResistanceAll Screen OLED DisplayLiDAR Scanner for Improved AR Experiences, Night Mode PortraitsBrand Warranty for 1 Year",4.5
"APPLE iPhone 7 (Silver, 256 GB)","₹74,400",256 GB ROM11.94 cm (4.7 inch) Retina HD Display12MP Rear Camera | 7MP Front CameraA10 Fusion Chip with 64-bit Architecture and Embedded M10 Motion Co-processorBrand Warranty of 1 Year,4.5
"APPLE iPhone 7 (Black, 128 GB)","₹34,900",128 GB ROM11.94 cm (4.7 inch) Retina HD Display12MP Rear Camera | 7MP Front CameraApple A10 Fusion 64-bit processor and Embedded M10 Motion Co-processorBrand Warranty of 1 Year,4.5
"APPLE iPhone 5C (White, 8 GB)","₹14,999",8 GB ROM10.16 cm (4 inch) Retina Display8MP Rear Camera | 1.2MP Front CameraA6 Chip Processor1 Year Manufacturer Warranty,3.9
"APPLE iPhone 5C (Blue, 8 GB)","₹14,999",8 GB ROM10.16 cm (4 inch) Retina Display8MP Rear Camera | 1.2MP Front CameraA6 Chip Processor1 Year Manufacturer Warranty,3.9
"APPLE iPhone 12 (White, 256 GB)","₹66,999","256 GB ROM15.49 cm (6.1 inch) Super Retina XDR Display12MP + 12MP | 12MP Front CameraA14 Bionic Chip with Next Generation Neural Engine ProcessorCeramic ShieldIndustry-leading IP68 Water ResistanceAll Screen OLED Display12MP TrueDepth Front Camera with Night Mode, 4K Dolby Vision HDR RecordingBrand Warranty for 1 Year",4.6
"APPLE iPhone 12 Pro (Gold, 128 GB)","₹78,899","128 GB ROM15.49 cm (6.1 inch) Super Retina XDR Display12MP + 12MP + 12MP | 12MP Front CameraA14 Bionic Chip with Next Generation Neural Engine ProcessorCeramic Shield | Industry-leading IP68 Water ResistanceAll Screen OLED DisplayLiDAR Scanner for Improved AR Experiences, Night Mode PortraitsBrand Warranty for 1 Year",4.5
"APPLE iPhone 11 Pro (Gold, 256 GB)","₹1,21,300",256 GB ROM14.73 cm (5.8 inch) Super Retina XDR Display12MP + 12MP + 12MP | 12MP Front CameraA13 Bionic Chip ProcessorBrand Warranty for 1 Year,4.6
"APPLE iPhone 13 Pro (Silver, 128 GB)","₹1,19,900",128 GB ROM15.49 cm (6.1 inch) Super Retina XDR Display12MP + 12MP + 12MP | 12MP Front CameraA15 Bionic Chip ProcessorBrand Warranty for 1 Year,4.7
"APPLE iPhone 6 Plus (Gold, 128 GB)","₹80,500",128 GB ROM13.97 cm (5.5 inch) Retina HD Display8MP Rear Camera | 1.2MP Front CameraA8 Chip with 64-bit Architecture and M8 Motion Co-processor1 Year Manufacturer Warranty,4.7
"APPLE iPhone 6 Plus (Gold, 64 GB)","₹71,500",64 GB ROM13.97 cm (5.5 inch) Retina HD Display8MP Rear Camera | 1.2MP Front CameraA8 Chip with 64-bit Architecture and M8 Motion Co-processor1 Year Manufacturer Warranty,4.5
"APPLE iPhone 12 Pro Max (Pacific Blue, 512 GB)","₹1,23,299","512 GB ROM17.02 cm (6.7 inch) Super Retina XDR Display12MP + 12MP + 12MP | 12MP Front CameraA14 Bionic Chip with Next Generation Neural Engine ProcessorCeramic Shield | Industry-leading IP68 Water ResistanceAll Screen OLED DisplayLiDAR Scanner for Improved AR Experiences, Night Mode PortraitsBrand Warranty for 1 Year",4.5
"APPLE iPhone 12 Pro Max (Silver, 128 GB)","₹95,599","128 GB ROM17.02 cm (6.7 inch) Super Retina XDR Display12MP + 12MP + 12MP | 12MP Front CameraA14 Bionic Chip with Next Generation Neural Engine ProcessorCeramic Shield | Industry-leading IP68 Water ResistanceAll Screen OLED DisplayLiDAR Scanner for Improved AR Experiences, Night Mode PortraitsBrand Warranty for 1 Year",4.5
"APPLE iPhone 6s Plus (Silver, 128 GB)","₹70,000",128 GB ROM13.97 cm (5.5 inch) Retina HD Display12MP Rear Camera | 5MP Front CameraA9 Chip with 64-bit Architecture and M9 Motion Co-processorBrand Warranty of 1 Year,4.4
"APPLE iPhone 14 Pro Max (Gold, 256 GB)","₹1,37,999","256 GB ROM17.02 cm (6.7 inch) Super Retina XDR Display48MP + 12MP + 12MP | 12MP Front CameraA16 Bionic Chip, 6 Core Processor Processor1 Year Warranty for Phone and 6 Months Warranty for In-Box Accessories",4.7
"APPLE iPhone 12 Pro Max (Gold, 128 GB)","₹95,599","128 GB ROM17.02 cm (6.7 inch) Super Retina XDR Display12MP + 12MP + 12MP | 12MP Front CameraA14 Bionic Chip with Next Generation Neural Engine ProcessorCeramic Shield | Industry-leading IP68 Water ResistanceAll Screen OLED DisplayLiDAR Scanner for Improved AR Experiences, Night Mode PortraitsBrand Warranty for 1 Year",4.5
"APPLE iPhone 12 Pro Max (Gold, 128 GB)","₹95,599","128 GB ROM17.02 cm (6.7 inch) Super Retina XDR Display12MP + 12MP + 12MP | 12MP Front CameraA14 Bionic Chip with Next Generation Neural Engine ProcessorCeramic Shield | Industry-leading IP68 Water ResistanceAll Screen OLED DisplayLiDAR Scanner for Improved AR Experiences, Night Mode PortraitsBrand Warranty for 1 Year",4.5
"APPLE iPhone 7 (Black, 256 GB)","₹74,400",256 GB ROM11.94 cm (4.7 inch) Retina HD Display12MP Rear Camera | 7MP Front CameraA10 Fusion Chip with 64-bit Architecture and Embedded M10 Motion Co-processorBrand Warranty of 1 Year,4.5
"APPLE iPhone 12 Pro Max (Pacific Blue, 128 GB)","₹95,599","128 GB ROM17.02 cm (6.7 inch) Super Retina XDR Display12MP + 12MP + 12MP | 12MP Front CameraA14 Bionic Chip with Next Generation Neural Engine ProcessorCeramic Shield | Industry-leading IP68 Water ResistanceAll Screen OLED DisplayLiDAR Scanner for Improved AR Experiences, Night Mode PortraitsBrand Warranty for 1 Year",4.5
"APPLE iPhone 11 Pro Max (Silver, 64 GB)","₹95,699",64 GB ROM16.51 cm (6.5 inch) Super Retina XDR Display12MP + 12MP + 12MP | 12MP Front CameraA13 Bionic Chip ProcessorBrand Warranty for 1 Year,4.7
"APPLE iPhone 6 Plus (Space Grey, 128 GB)","₹80,500",128 GB ROM13.97 cm (5.5 inch) Retina HD Display8MP Rear Camera | 1.2MP Front CameraA8 Chip with 64-bit Architecture and M8 Motion Co-processor1 Year Manufacturer Warranty,4.5
"APPLE iPhone 12 Pro (Silver, 128 GB)","₹78,899","128 GB ROM15.49 cm (6.1 inch) Super Retina XDR Display12MP + 12MP + 12MP | 12MP Front CameraA14 Bionic Chip with Next Generation Neural Engine ProcessorCeramic Shield | Industry-leading IP68 Water ResistanceAll Screen OLED DisplayLiDAR Scanner for Improved AR Experiences, Night Mode PortraitsBrand Warranty for 1 Year",4.5
"APPLE iPhone 12 Pro Max (Silver, 512 GB)","₹1,23,299","512 GB ROM17.02 cm (6.7 inch) Super Retina XDR Display12MP + 12MP + 12MP | 12MP Front CameraA14 Bionic Chip with Next Generation Neural Engine ProcessorCeramic Shield | Industry-leading IP68 Water ResistanceAll Screen OLED DisplayLiDAR Scanner for Improved AR Experiences, Night Mode PortraitsBrand Warranty for 1 Year",4.5
"APPLE iPhone 12 Pro Max (Graphite, 256 GB)","₹1,29,900","256 GB ROM17.02 cm (6.7 inch) Super Retina XDR Display12MP + 12MP + 12MP | 12MP Front CameraA14 Bionic Chip with Next Generation Neural Engine ProcessorCeramic Shield | Industry-leading IP68 Water ResistanceAll Screen OLED DisplayLiDAR Scanner for Improved AR Experiences, Night Mode PortraitsBrand Warranty for 1 Year",4.5
"APPLE iPhone 12 Pro (Graphite, 128 GB)","₹78,899","128 GB ROM15.49 cm (6.1 inch) Super Retina XDR Display12MP + 12MP + 12MP | 12MP Front CameraA14 Bionic Chip with Next Generation Neural Engine ProcessorCeramic Shield | Industry-leading IP68 Water ResistanceAll Screen OLED DisplayLiDAR Scanner for Improved AR Experiences, Night Mode PortraitsBrand Warranty for 1 Year",4.5
"APPLE iPhone 11 Pro (Midnight Green, 256 GB)","₹1,21,300",256 GB ROM14.73 cm (5.8 inch) Super Retina XDR Display12MP + 12MP + 12MP | 12MP Front CameraA13 Bionic Chip ProcessorBrand Warranty for 1 Year,4.6
"APPLE iPhone 14 Pro Max (Space Black, 1 TB)","₹1,77,999","1 TB ROM17.02 cm (6.7 inch) Super Retina XDR Display48MP + 12MP + 12MP | 12MP Front CameraA16 Bionic Chip, 6 Core Processor Processor1 Year Warranty for Phone and 6 Months Warranty for In-Box Accessories",4.7
"APPLE iPhone 12 Pro Max (Graphite, 128 GB)","₹95,599","128 GB ROM17.02 cm (6.7 inch) Super Retina XDR Display12MP + 12MP + 12MP | 12MP Front CameraA14 Bionic Chip with Next Generation Neural Engine ProcessorCeramic Shield | Industry-leading IP68 Water ResistanceAll Screen OLED DisplayLiDAR Scanner for Improved AR Experiences, Night Mode PortraitsBrand Warranty for 1 Year",4.5
"APPLE iPhone 12 Pro (Pacific Blue, 512 GB)","₹1,06,699","512 GB ROM15.49 cm (6.1 inch) Super Retina XDR Display12MP + 12MP + 12MP | 12MP Front CameraA14 Bionic Chip with Next Generation Neural Engine ProcessorCeramic Shield | Industry-leading IP68 Water ResistanceAll Screen OLED DisplayLiDAR Scanner for Improved AR Experiences, Night Mode PortraitsBrand Warranty for 1 Year",4.5
"APPLE iPhone 12 Pro Max (Gold, 256 GB)","₹1,04,799","256 GB ROM17.02 cm (6.7 inch) Super Retina XDR Display12MP + 12MP + 12MP | 12MP Front CameraA14 Bionic Chip with Next Generation Neural Engine ProcessorCeramic Shield | Industry-leading IP68 Water ResistanceAll Screen OLED DisplayLiDAR Scanner for Improved AR Experiences, Night Mode PortraitsBrand Warranty for 1 Year",4.5
"APPLE iPhone X (Silver, 64 GB)","₹91,900","64 GB ROM14.73 cm (5.8 inch) Super Retina HD Display12MP + 12MP | 7MP Front CameraA11 Bionic Chip with 64-bit Architecture, Neural Engine, Embedded M11 Motion Coprocessor ProcessoriOS 13 CompatibleBrand Warranty of 1 Year",4.6
"Apple iPhone SE (Red, 256 GB) (Includes EarPods, Power Adapter)","₹54,900","256 GB ROM11.94 cm (4.7 inch) Retina HD Display12MP Rear Camera | 7MP Front CameraA13 Bionic Chip with 3rd Gen Neural Engine ProcessorWater and Dust Resistant (1 meter for Upto 30 minutes, IP67)Fast Charge CapableWireless charging (Works with Qi Chargers | Qi Chargers are Sold SeparatelyBrand Warranty for 1 Year",4.5
"APPLE iPhone 12 Pro Max (Pacific Blue, 256 GB)","₹1,04,799","256 GB ROM17.02 cm (6.7 inch) Super Retina XDR Display12MP + 12MP + 12MP | 12MP Front CameraA14 Bionic Chip with Next Generation Neural Engine ProcessorCeramic Shield | Industry-leading IP68 Water ResistanceAll Screen OLED DisplayLiDAR Scanner for Improved AR Experiences, Night Mode PortraitsBrand Warranty for 1 Year",4.5
"APPLE iPhone 12 (Blue, 128 GB)","₹56,999","128 GB ROM15.49 cm (6.1 inch) Super Retina XDR Display12MP + 12MP | 12MP Front CameraA14 Bionic Chip with Next Generation Neural Engine ProcessorCeramic ShieldIndustry-leading IP68 Water ResistanceAll Screen OLED Display12MP TrueDepth Front Camera with Night Mode, 4K Dolby Vision HDR RecordingBrand Warranty for 1 Year",4.6
"APPLE iPhone X (Space Gray, 64 GB)","₹91,900","64 GB ROM14.73 cm (5.8 inch) Super Retina HD Display12MP + 12MP | 7MP Front CameraA11 Bionic Chip with 64-bit Architecture, Neural Engine, Embedded M11 Motion Coprocessor ProcessoriOS 13 CompatibleBrand Warranty of 1 Year",4.6
"APPLE iPhone X (Silver, 256 GB)","₹1,06,900","256 GB ROM14.73 cm (5.8 inch) Super Retina HD Display12MP + 12MP | 7MP Front CameraA11 Bionic Chip with 64-bit Architecture, Neural Engine, Embedded M11 Motion Coprocessor ProcessorBrand Warranty of 1 Year",4.6
"APPLE iPhone X (Space Gray, 256 GB)","₹1,06,900","256 GB ROM14.73 cm (5.8 inch) Super Retina HD Display12MP + 12MP | 7MP Front CameraA11 Bionic Chip with 64-bit Architecture, Neural Engine, Embedded M11 Motion Coprocessor ProcessorBrand Warranty of 1 Year",4.6
"APPLE iPhone 6s Plus (Rose Gold, 128 GB)","₹70,000",128 GB ROM13.97 cm (5.5 inch) Retina HD Display12MP Rear Camera | 5MP Front CameraA9 Chip with 64-bit Architecture and M9 Motion Co-processorBrand Warranty of 1 Year,4.4
"APPLE iPhone 14 Pro (Deep Purple, 1 TB)","₹1,69,999","1 TB ROM15.49 cm (6.1 inch) Super Retina XDR Display48MP + 12MP + 12MP | 12MP Front CameraA16 Bionic Chip, 6 Core Processor Processor1 Year Warranty for Phone and 6 Months Warranty for In-Box Accessories",4.7
"APPLE iPhone 12 Pro (Pacific Blue, 128 GB)","₹78,899","128 GB ROM15.49 cm (6.1 inch) Super Retina XDR Display12MP + 12MP + 12MP | 12MP Front CameraA14 Bionic Chip with Next Generation Neural Engine ProcessorCeramic Shield | Industry-leading IP68 Water ResistanceAll Screen OLED DisplayLiDAR Scanner for Improved AR Experiences, Night Mode PortraitsBrand Warranty for 1 Year",4.5
